feature_id,epic,module,feature_name,stakeholder,priority,status,complexity,dependencies,acceptance_criteria,api_artifacts,db_artifacts,ui_artifacts,worker_artifacts,observability_artifacts,test_unit,test_integration,test_e2e,demo_supported,demo_notes,security_risk,compliance_impact,owner,target_release,sprint,notes
F-001,Identity & Access,identity,User registration (candidate/employer),Candidate|Employer,P0,NOT_STARTED,M,,User can create account with role selection and verified email; invalid payloads rejected with typed errors,POST /v1/auth/register,users;sessions,Auth/Register page,,trace.auth.register;log.auth.register,true,true,true,true,Demo uses synthetic accounts and no real email,Medium,Medium,Backend+Frontend,R1,S1,
F-002,Identity & Access,identity,User login/logout,Candidate|Employer,P0,NOT_STARTED,S,F-001,User can login/logout securely with session lifecycle and error handling,POST /v1/auth/login|POST /v1/auth/logout,sessions,Auth/Login page,,trace.auth.login;log.auth.session,true,true,true,true,Demo login via one-click persona,High,Medium,Backend+Frontend,R1,S1,
F-003,Identity & Access,tenancy,Organization creation and membership,Employer|Agency,P0,NOT_STARTED,M,F-001,Employer can create org and invite team members with tenant isolation,POST /v1/orgs|POST /v1/orgs/:id/invite,organizations;organization_members,Org settings/invite UI,,trace.tenant.org;audit.org,true,true,true,false,,High,High,Backend+Frontend,R1,S1,
F-004,Identity & Access,authz,RBAC policy enforcement,All,P0,NOT_STARTED,M,F-003,Protected endpoints enforce role and tenant scope; denied actions return 403 with audit trail,ALL protected routes,roles;permissions;organization_members,,policy cache invalidation jobs,trace.authz.decision;audit.security,true,true,true,false,,High,High,Backend,R1,S1,
F-005,Identity & Access,security,MFA setup and challenge,Employer|Agency,P1,NOT_STARTED,M,F-002,User can enroll MFA and complete challenge on sensitive actions,POST /v1/auth/mfa/*,mfa_factors,Security settings UI,,trace.auth.mfa;log.security,true,true,true,false,,High,High,Backend+Frontend,R2,S3,
F-006,Candidate Profile,candidate,Candidate profile CRUD,Candidate,P0,NOT_STARTED,M,F-001,Candidate can create/update profile fields with validation and persistence,GET/POST/PATCH /v1/candidates,candidate_profiles,Candidate profile pages,,trace.candidate.profile,true,true,true,true,Demo profile is seeded and editable in sandbox,Medium,Medium,Backend+Frontend,R1,S2,
F-007,Candidate Profile,candidate,Profile versioning by role focus,Candidate,P1,NOT_STARTED,M,F-006,Candidate can create and switch profile versions (e.g. Frontend/Fullstack),POST /v1/candidates/:id/versions|GET /v1/candidates/:id/versions,candidate_profile_versions,Profile version selector,,trace.candidate.versions,true,true,true,true,Demo includes 2 sample versions,Low,Low,Backend+Frontend,R2,S4,
F-008,Candidate Profile,documents,Resume upload and parsing metadata,Candidate,P0,NOT_STARTED,M,F-006,Candidate uploads resume; metadata extracted; secure file handling enforced,POST /v1/candidates/:id/documents,candidate_documents,Resume uploader,document processing job,trace.docs.upload;log.docs,true,true,true,true,Demo uses synthetic resumes only,High,Medium,Backend+Frontend,R1,S2,
F-009,Candidate Profile,skills,Skill graph tagging and proficiency,Candidate,P1,NOT_STARTED,M,F-006,Candidate can add skills/proficiency with normalized taxonomy,POST/PATCH /v1/candidates/:id/skills,candidate_skills,Skills editor,,trace.candidate.skills,true,true,true,true,Pre-seeded skill taxonomy in demo,Low,Low,Backend+Frontend,R2,S4,
F-010,Employer Operations,employer,Employer profile and company page,Employer,P0,NOT_STARTED,M,F-003,Employer can maintain company profile and hiring details,GET/PATCH /v1/employers/me|PATCH /v1/companies/:id,employer_profiles;companies,Company profile UI,,trace.employer.profile,true,true,true,true,Demo company seeded,Low,Medium,Backend+Frontend,R1,S2,
F-011,Jobs,jobs,Job post creation/edit/publish,Employer,P0,NOT_STARTED,M,F-010,Employer can draft/publish/archive job posts with validation and audit,POST/PATCH /v1/jobs,job_posts;job_post_versions,Job editor UI,,trace.jobs.write;audit.jobs,true,true,true,true,Demo allows sandbox publish only,Medium,Medium,Backend+Frontend,R1,S2,
F-012,Jobs,jobs,Job listing/search/filter,Candidate|Employer,P0,NOT_STARTED,M,F-011,Users can browse/filter jobs with pagination and sorting,GET /v1/jobs,job_posts,Jobs list/filter UI,,trace.jobs.search,true,true,true,true,Demo has seeded jobs,Low,Low,Backend+Frontend,R1,S2,
F-013,Applications,applications,Apply to job,Candidate,P0,NOT_STARTED,M,F-006|F-011,Candidate can apply once per job; duplicate prevention enforced,POST /v1/jobs/:id/apply,applications,Apply flow UI,,trace.applications.apply;audit.apply,true,true,true,true,Demo supports apply with sandbox data,Medium,Medium,Backend+Frontend,R1,S3,
F-014,Applications,applications,Application stage transitions,Employer,P0,NOT_STARTED,M,F-013,Employer can move candidate across stages with audit + idempotency,POST /v1/applications/:id/stage,application_stage_events,Pipeline board UI,,trace.pipeline.transition;audit.stage,true,true,true,true,Demo allows transitions and reset,High,Medium,Backend+Frontend,R1,S3,
F-015,Applications,evaluation,Scorecards and interviewer feedback,Employer|Interviewer,P1,NOT_STARTED,M,F-014,Structured scorecards saved per interview with role rubric,POST /v1/interviews/sessions/:id/feedback,scorecards;interviewer_feedback,Scorecard UI,,trace.scorecards.write,true,true,true,true,Demo includes template rubrics,Medium,Medium,Backend+Frontend,R2,S5,
F-016,Messaging,chat,Private conversation creation,Employer|Candidate,P0,NOT_STARTED,M,F-003|F-006,Authorized users can create private conversation with tenant-scoped access,POST /v1/conversations,conversations;conversation_participants,New conversation UI,,trace.chat.conversation,true,true,true,true,Demo supports seeded and new conversations,High,Medium,Backend+Frontend,R1,S3,
F-017,Messaging,chat,Send/receive messages with receipts,Employer|Candidate,P0,NOT_STARTED,M,F-016,Messages persist durably with sent/delivered/read states,POST /v1/conversations/:id/messages|POST /v1/conversations/:id/read,messages;message_receipts,Chat thread UI,realtime fanout job,trace.chat.message;log.chat.delivery,true,true,true,true,Demo fully enabled with sandbox events,High,Medium,Backend+Frontend,R1,S3,
F-018,Messaging,chat,Message attachments,Employer|Candidate,P1,NOT_STARTED,M,F-017,Authorized participants can attach files with signed URLs and scan hooks,POST /v1/conversations/:id/attachments,message_attachments,Attachment UI,file scan job,trace.chat.attachments,true,true,true,true,Demo uses safe file types only,High,High,Backend+Frontend,R2,S5,
F-019,Scheduling,scheduling,Meeting request creation,Employer|Candidate,P0,NOT_STARTED,M,F-016,User can request meeting with proposed times and timezone-safe payload,POST /v1/meetings/request,meeting_requests;meeting_participants,Meeting request modal,,trace.meeting.request;audit.meeting,true,true,true,true,Demo supports meeting request flows,Medium,Medium,Backend+Frontend,R1,S4,
F-020,Scheduling,scheduling,Accept meeting request,Employer|Candidate,P0,NOT_STARTED,M,F-019,User can accept pending request; slot validated; reminders created; idempotent replay safe,POST /v1/meetings/:id/accept,meeting_status_events;idempotency_keys,Meeting inbox actions,reminder schedule job,trace.meeting.accept;audit.meeting,true,true,true,true,Demo supports accept and reset,High,Medium,Backend+Frontend,R1,S4,
F-021,Scheduling,scheduling,Deny meeting request,Employer|Candidate,P0,NOT_STARTED,S,F-019,User can deny with reason; requester notified; idempotent handling,POST /v1/meetings/:id/deny,meeting_status_events;idempotency_keys,Meeting inbox actions,notification job,trace.meeting.deny;audit.meeting,true,true,true,true,Demo supports deny and reset,Medium,Medium,Backend+Frontend,R1,S4,
F-022,Scheduling,scheduling,Reschedule meeting request,Employer|Candidate,P0,NOT_STARTED,M,F-020|F-021,User can reschedule with lineage; old reminders canceled and new scheduled,POST /v1/meetings/:id/reschedule,meeting_reschedule_events;meeting_status_events;idempotency_keys,Reschedule UI,reminder cancel/recreate jobs,trace.meeting.reschedule;audit.meeting,true,true,true,true,Demo supports reschedule branch paths,High,Medium,Backend+Frontend,R1,S4,
F-023,Scheduling,reminders,Reminder engine (T-24/T-1/T-10),All,P0,NOT_STARTED,M,F-020,Reminders fire reliably with retries dedupe and delivery logs,,reminder_jobs;reminder_delivery_events,Reminder timeline UI,reminder dispatcher job,trace.reminder.dispatch;metrics.reminder.success,true,true,true,true,Demo reminders use accelerated timing mode,Medium,Low,Backend+Frontend,R1,S4,
F-024,Interview,interview,Video room creation/token issuance,Employer|Candidate,P0,NOT_STARTED,M,F-022,Authorized host can create room and issue participant tokens with TTL,POST /v1/interviews/rooms|POST /v1/interviews/rooms/:id/token,video_rooms;video_room_tokens,Interview launch UI,token refresh job,trace.interview.room;audit.interview,true,true,true,true,Demo uses sandbox room provider,High,Medium,Backend+Frontend,R2,S6,
F-025,Interview,interview,Video session event tracking,Employer|Candidate,P1,NOT_STARTED,M,F-024,Join/leave/network events persisted and queryable for QA/compliance,POST /v1/interviews/sessions/:id/events,video_sessions;video_session_participants;video_session_events,Session diagnostics UI,aggregation job,trace.interview.events;metrics.call.quality,true,true,true,true,Demo shows synthetic network events,Medium,Medium,Backend+Frontend,R2,S6,
F-026,Interview,interview,PiP interview mode UI state,Employer|Candidate,P1,NOT_STARTED,M,F-024,PiP toggle state persists per session and restores reliably,,pip_session_states,PiP controls and layout,,trace.ui.pip.toggle,true,true,true,true,Demo supports PiP without external dependencies,Low,Low,Frontend,R2,S6,
F-027,Billing,billing,Plan catalog and entitlements,Employer|Agency,P0,NOT_STARTED,M,,Plans and included features are queryable and enforced at runtime,GET /v1/billing/plans,plans;plan_features;entitlements,Pricing and plan details UI,,trace.billing.plans,true,true,true,true,Demo uses sandbox plans,Medium,Medium,Backend+Frontend,R2,S6,
F-028,Billing,billing,Subscription create/update/cancel,Employer|Agency,P0,NOT_STARTED,M,F-027,Subscription lifecycle works end-to-end with idempotent webhooks and audit,POST/PATCH /v1/billing/subscriptions,subscriptions;subscription_items;payment_events,Billing settings UI,billing sync job,trace.billing.subscriptions;audit.billing,true,true,true,true,Demo billing is non-charge sandbox mode,High,High,Backend+Frontend,R2,S7,
F-029,Billing,billing,Usage metering and limits,Employer|Agency,P1,NOT_STARTED,M,F-028,Usage counters update accurately and enforce plan limits gracefully,GET /v1/billing/usage,usage_meters;entitlements,Usage dashboard UI,meter rollup job,trace.billing.usage;metrics.metering,true,true,true,true,Demo shows synthetic meter progression,Medium,Medium,Backend+Frontend,R3,S8,
F-030,Security & Reliability,reliability,Idempotency middleware for critical writes,All,P0,NOT_STARTED,M,F-020|F-022|F-028,Critical write endpoints enforce key+fingerprint replay semantics with conflict detection,All critical POST/PATCH,idempotency_keys,,cleanup job,trace.idempotency.check;log.idempotency,true,true,true,false,,High,High,Backend,R1,S3,
F-031,Security & Reliability,audit,Append-only audit event ledger,All,P0,NOT_STARTED,M,F-004,Security-sensitive actions are immutable and queryable by tenant and actor,,audit_events,Audit viewer UI,audit export job,trace.audit.write;log.audit,true,true,true,true,Demo shows scoped synthetic audit events,High,High,Backend+Frontend,R1,S3,
F-032,Security & Reliability,security,Rate limiting and abuse controls,All,P0,NOT_STARTED,S,F-002,Auth/chat/meeting/billing endpoints protected by tenant+actor-aware limits,Protected endpoints,security_events,Rate-limit UX states,,metrics.rate_limit;log.security,true,true,true,true,Demo has stricter anonymous limits,Medium,Medium,Backend+Frontend,R1,S2,
F-033,Discoverability,search,Candidate search/filter/sort,Employer|Agency,P0,NOT_STARTED,M,F-006,Employer can search candidates with filters and stable paging,GET /v1/candidates,candidate_profiles;candidate_skills,Candidate search UI,,trace.search.candidates;metrics.search.latency,true,true,true,true,Demo includes rich searchable data,Low,Low,Backend+Frontend,R1,S4,
F-034,Keyboard UX,shortcuts,Command palette (Cmd/Ctrl+K),All,P0,NOT_STARTED,S,,Global command palette opens quickly with role-aware actions,GET /v1/flags,command_palette_events,Command palette UI,,trace.ui.command_palette;metrics.shortcuts,true,true,true,true,Demo highlights keyboard onboarding,Low,Low,Frontend,R1,S2,
F-035,Keyboard UX,shortcuts,Scoped keyboard bindings and conflict resolver,All,P1,NOT_STARTED,M,F-034,Global/page/modal shortcuts resolve conflicts and persist user preferences,GET/PATCH /v1/shortcuts,shortcut_profiles;shortcut_bindings;shortcut_usage_events,Shortcut settings UI,,trace.shortcuts.resolve;metrics.shortcuts.usage,true,true,true,true,Demo allows temporary custom bindings,Low,Low,Backend+Frontend,R2,S6,
F-036,Demo Platform,demo,Public demo entry without registration,Visitor,P0,NOT_STARTED,S,,Visitor can enter candidate/employer/agency demo instantly with banner and limits,GET /demo/start,demo_sessions,Demo landing and role chooser,demo session reset job,trace.demo.start;metrics.demo.conversion,true,true,true,true,No signup required and isolated sandbox tenant,Medium,Low,Backend+Frontend,R1,S2,
F-037,Demo Platform,demo,Demo seeded dataset and reset controls,Visitor,P0,NOT_STARTED,M,F-036,Demo has realistic seeded data and can reset workspace deterministically,POST /v1/demo/reset,demo_seed_versions;demo_resets,Reset demo UI,demo seed/reset jobs,trace.demo.reset;log.demo.seed,true,true,true,true,All writes scoped to demo tenant only,Medium,Low,Backend+Frontend,R1,S3,
F-038,Observability,observability,OpenTelemetry traces + correlation IDs,Internal,P0,NOT_STARTED,M,,Traces cover HTTP DB jobs external calls with request/org/user correlation IDs,,security_events,Ops dashboard,,trace.* coverage baseline,true,true,false,false,,Low,Medium,Backend,R1,S1,
F-039,Observability,observability,Sentry exception monitoring + release tagging,Internal,P0,NOT_STARTED,S,F-038,Unhandled errors captured with tenant-safe context and release/environment tags,,security_events,Error fallback UI,,metrics.errors;alerts.sentry,true,true,false,false,,Low,Medium,Backend+Frontend,R1,S1,
F-040,Quality,test,CI gates and quality checks,Internal,P0,NOT_STARTED,M,,Pipeline blocks merges on typecheck/lint/tests/build/migrations,,,,,ci telemetry,true,true,true,false,,Low,Medium,Platform,R1,S1,
F-041,UX & Accessibility,accessibility,WCAG AA focus management and skip links,All,P0,NOT_STARTED,M,F-034,All interactive views pass keyboard navigation and visible focus requirements,,,Global a11y components,,trace.a11y.focus,true,true,true,true,Demo includes a11y tour,Low,Medium,Frontend,R1,S2,
F-042,Notifications,notifications,In-app notification center,All,P1,NOT_STARTED,M,F-023,Users receive structured in-app notifications for chat/scheduling/interview events,GET /v1/notifications,notification_events,Notification center UI,notification fanout job,trace.notifications.dispatch,true,true,true,true,Demo includes accelerated notification feed,Low,Low,Backend+Frontend,R2,S5,
F-043,Notifications,notifications,Email notification hooks (production-safe),All,P1,NOT_STARTED,M,F-042,Email templates trigger for key events with retry and suppression rules,POST /v1/internal/notify/email,notification_events,email settings UI,email dispatcher job,trace.notifications.email;metrics.email.delivery,true,true,true,false,Demo suppresses external sends and logs only,Medium,Medium,Backend+Frontend,R2,S6,
F-044,Compliance,privacy,Consent and deletion request workflows,All,P1,NOT_STARTED,M,F-031,Users can submit/access/delete requests tracked with audit and policy checks,POST /v1/privacy/deletion-requests,consents;deletion_requests,Privacy center UI,privacy ops job,trace.privacy.requests;audit.privacy,true,true,true,false,,Medium,High,Backend+Frontend,R3,S8,
F-045,Agency Features,agency,Multi-client agency workspace isolation,Agency,P1,NOT_STARTED,L,F-003,Agency manages multiple client orgs with strict boundary controls,GET /v1/agency/clients,organizations;organization_members,Agency workspace UI,,trace.agency.scope;audit.agency,true,true,true,true,Demo agency has 2 synthetic clients,High,High,Backend+Frontend,R3,S9,
F-046,Analytics,analytics,Hiring funnel metrics dashboard,Employer|Agency,P1,NOT_STARTED,M,F-014,Dashboard shows stage conversion time-to-stage response SLAs and trends,GET /v1/analytics/funnel,application_stage_events,Analytics dashboard,metrics aggregation job,trace.analytics.query;metrics.funnel,true,true,true,true,Demo displays seeded KPI snapshots,Low,Low,Backend+Frontend,R3,S9,
F-047,Search & Ranking,search,Explainable candidate match scoring,Employer|Agency,P2,NOT_STARTED,L,F-033,Candidate ranking includes explainable factors and adjustable weights,GET /v1/candidates/match,candidate_profiles;candidate_skills,Match insights UI,rank recompute job,trace.match.scoring;metrics.match.click,true,true,true,true,Demo uses synthetic model weights,Medium,Medium,Backend+Frontend,R4,S10,
F-048,Platform Flags,flags,Feature flags per tenant/plan/role,Internal,P1,NOT_STARTED,M,F-027,Runtime flags evaluate by tenant context with safe fallback behavior,GET /v1/flags,entitlements,Flag-driven UI guards,,trace.flags.eval;metrics.flags.fallback,true,true,true,true,Demo toggles are isolated,Low,Medium,Backend+Frontend,R2,S5,
F-049,Data Ops,platform,Zero-downtime migration workflow,Internal,P0,NOT_STARTED,M,F-040,Expand-migrate-contract process documented and validated in CI,,audit_events,,migration verifier job,metrics.migration.duration,true,true,false,false,,Low,High,Platform,R1,S1,
F-050,Resilience,reliability,Queue retry/DLQ policy for reminders/notifications,Internal,P0,NOT_STARTED,M,F-023|F-043,Failed jobs retry with backoff then DLQ with operator visibility,,reminder_jobs;notification_events,Ops queue monitor,queue retry/DLQ workers,metrics.jobs.retry;metrics.jobs.dlq,true,true,true,false,,Low,Medium,Backend+Ops,R1,S4,
F-051,Scheduling,scheduling,Meeting availability management,Candidate|Employer,P1,NOT_STARTED,M,F-019,Users can define recurring availability and exceptions with timezone safety,GET/POST/PATCH /v1/availability,meeting_availability_blocks,Availability settings UI,,trace.availability.write;metrics.availability.conflicts,true,true,true,true,Demo has prefilled availability blocks,Low,Low,Backend+Frontend,R2,S5,
F-052,Scheduling,scheduling,Conflict detection for double-booking,All,P0,NOT_STARTED,M,F-051,Meeting creation rejects overlapping slots with deterministic conflict errors,POST /v1/meetings/request,meeting_requests;meeting_participants,Conflict UX in scheduler,,trace.scheduling.conflict;metrics.scheduling.rejects,true,true,true,true,Demo simulates overlap scenarios,Medium,Low,Backend+Frontend,R1,S4,
F-053,Scheduling,scheduling,Meeting cancellation workflow,Employer|Candidate,P1,NOT_STARTED,S,F-020,Authorized party can cancel meeting with reason and notification fanout,POST /v1/meetings/:id/cancel,meeting_status_events,Meeting details actions,reminder cancel job,trace.meeting.cancel;audit.meeting,true,true,true,true,Demo supports cancel + reset,Medium,Medium,Backend+Frontend,R2,S5,
F-054,Scheduling,calendar,Calendar sync links (Google/Microsoft-ready),Employer|Candidate,P2,NOT_STARTED,L,F-051,Users can link external calendars and sync availability busy blocks safely,POST/GET /v1/calendar/links,calendar_sync_links,Calendar integrations UI,calendar sync worker,trace.calendar.sync;metrics.calendar.errors,true,true,true,false,Demo shows mock connection state only,High,Medium,Backend+Frontend,R4,S11,
F-055,Scheduling,reminders,Reminder user preferences,Candidate|Employer,P2,NOT_STARTED,S,F-023,Users can configure reminder channels and timing defaults,GET/PATCH /v1/reminders/preferences,reminder_rules,Reminder preferences UI,,trace.reminders.preferences,true,true,true,true,Demo persists per demo session TTL,Low,Low,Backend+Frontend,R3,S8,
F-056,Messaging,chat,Typing indicators (ephemeral),Employer|Candidate,P2,NOT_STARTED,S,F-017,Participants see typing state in real time without durable persistence,WS /v1/chat/typing,presence_sessions,Typing indicator UI,realtime presence worker,trace.chat.typing;metrics.chat.ws,true,true,true,true,Demo enabled with rate caps,Low,Low,Backend+Frontend,R3,S8,
F-057,Messaging,chat,Presence status (online/away),Employer|Candidate,P2,NOT_STARTED,S,F-056,Conversation participant presence is displayed with heartbeat timeout,WS /v1/presence,presence_sessions,Presence badges,,trace.chat.presence;metrics.presence.heartbeats,true,true,true,true,Demo shows synthetic presence pulses,Low,Low,Backend+Frontend,R3,S8,
F-058,Messaging,chat,Message search within conversation,Employer|Candidate,P2,NOT_STARTED,M,F-017,Users can search message text with highlights and pagination,GET /v1/conversations/:id/messages/search,messages,Chat search UI,,trace.chat.search;metrics.search.latency,true,true,true,true,Demo supports bounded index,Low,Low,Backend+Frontend,R3,S9,
F-059,Messaging,chat,Pinned messages,Employer|Candidate,P2,NOT_STARTED,S,F-017,Participants can pin/unpin important messages in a conversation,POST/DELETE /v1/conversations/:id/pins,conversation_pins,Pinned messages panel,,trace.chat.pins,true,true,true,true,Demo enabled,Low,Low,Backend+Frontend,R3,S9,
F-060,Messaging,chat,Conversation mute and notification controls,Employer|Candidate,P2,NOT_STARTED,S,F-042,Users can mute conversations and override notification behavior,PATCH /v1/conversations/:id/notifications,conversation_notification_prefs,Conversation settings UI,,trace.chat.mute;metrics.notifications.suppressed,true,true,true,true,Demo enabled,Low,Low,Backend+Frontend,R3,S9,
F-061,Messaging,chat,Message soft-delete with audit trail,Employer|Candidate,P1,NOT_STARTED,M,F-017,Authorized delete hides message from UI while preserving compliance metadata,DELETE /v1/conversations/:id/messages/:msgId,messages;audit_events,Message action menu,,trace.chat.delete;audit.chat,true,true,true,true,Demo delete reversible via reset only,Medium,Medium,Backend+Frontend,R2,S6,
F-062,Messaging,chat,Message edit history,Employer|Candidate,P2,NOT_STARTED,S,F-017,Edits are versioned and viewable per permission policy,PATCH /v1/conversations/:id/messages/:msgId,message_edits,Edited indicator/history drawer,,trace.chat.edits,true,true,true,true,Demo enabled with capped history,Low,Low,Backend+Frontend,R3,S9,
F-063,Messaging,chat,Reaction support on messages,Employer|Candidate,P3,NOT_STARTED,S,F-017,Users can add/remove emoji reactions with real-time updates,POST/DELETE /v1/conversations/:id/messages/:msgId/reactions,message_reactions,Reaction picker UI,,trace.chat.reactions,true,true,true,true,Demo enabled,Low,Low,Backend+Frontend,R4,S11,
F-064,Messaging,chat,Attachment malware scanning hook,Internal,P1,NOT_STARTED,M,F-018,Uploaded attachments pass scanning policy before availability,internal /v1/internal/attachments/scan,message_attachments;security_events,Attachment state badges,scan pipeline worker,trace.attach.scan;metrics.attach.scan_fail,true,true,true,false,Demo simulates scanner results,High,High,Backend+Ops,R2,S6,
F-065,Messaging,chat,Conversation archival policies,Employer|Agency,P2,NOT_STARTED,M,F-016,Orgs can archive conversations by policy while preserving retrieval controls,POST /v1/conversations/:id/archive,conversations;audit_events,Archive filters UI,retention policy job,trace.chat.archive;audit.retention,true,true,true,false,Demo read-only archive examples,Medium,High,Backend+Frontend,R4,S12,
F-066,Interview,interview,Pre-join device diagnostics,Candidate|Employer,P1,NOT_STARTED,M,F-024,Users can run camera/mic/network checks before interview join,POST /v1/interviews/preflight,video_session_events,Preflight diagnostics UI,,trace.interview.preflight;metrics.preflight.fail,true,true,true,true,Demo returns synthetic diagnostics,Low,Low,Backend+Frontend,R2,S6,
F-067,Interview,interview,Waiting room controls for host,Employer|Interviewer,P1,NOT_STARTED,M,F-024,Host can admit/remove participants with audit logs and role policy,POST /v1/interviews/rooms/:id/lobby-actions,video_session_participants;audit_events,Waiting room panel,,trace.interview.lobby;audit.interview,true,true,true,true,Demo includes lobby simulator,Medium,Medium,Backend+Frontend,R2,S7,
F-068,Interview,interview,Screen share permission model,Employer|Candidate,P2,NOT_STARTED,M,F-024,Role-scoped screen share permissions enforce host policy,POST /v1/interviews/rooms/:id/screen-share-policy,video_room_policies,In-call controls,,trace.interview.screenshare;security.screen,true,true,true,true,Demo supports mock stream only,Medium,Medium,Backend+Frontend,R3,S9,
F-069,Interview,interview,Interview recording metadata flow,Employer|Agency,P2,NOT_STARTED,L,F-024,Recording consent and metadata are persisted with tenant policy checks,POST /v1/interviews/sessions/:id/recording,interview_recordings;consents,Recording controls UI,recording metadata job,trace.interview.recording;audit.consent,true,true,true,false,Demo uses fake recording artifacts,High,High,Backend+Frontend,R4,S12,
F-070,Interview,interview,Transcript ingestion metadata,Candidate|Employer,P3,NOT_STARTED,L,F-069,Transcript metadata can be ingested and linked to session evidence,POST /v1/interviews/sessions/:id/transcript,interview_transcripts,Transcript panel,transcript processing worker,trace.interview.transcript;metrics.transcript.latency,true,true,true,false,Demo synthetic transcripts only,Medium,High,Backend+Frontend,R5,S13,
F-071,Interview,evaluation,Structured interview rubric templates,Employer|Agency,P1,NOT_STARTED,M,F-015,Org can define rubric templates by role and stage with versioning,GET/POST /v1/rubrics,rubric_templates,Rubric template manager,,trace.rubric.templates,true,true,true,true,Demo includes default rubric sets,Low,Low,Backend+Frontend,R2,S7,
F-072,Interview,evaluation,Post-call action launcher,Employer|Interviewer,P1,NOT_STARTED,S,F-015,After interview user can stage move/request follow-up/reject with one action panel,POST /v1/interviews/sessions/:id/actions,application_stage_events,Post-call action drawer,notification job,trace.interview.actions,true,true,true,true,Demo enabled,Low,Low,Backend+Frontend,R2,S7,
F-073,Applications,evaluation,Decision records with evidence links,Employer|Agency,P1,NOT_STARTED,M,F-015,Final decisions must include evidence references and actor attribution,POST /v1/applications/:id/decision,decision_records;audit_events,Decision modal,,trace.decision.record;audit.decision,true,true,true,true,Demo requires mandatory reason in sandbox,Medium,Medium,Backend+Frontend,R2,S7,
F-074,Applications,pipeline,Pipeline board swimlanes and WIP limits,Employer|Agency,P2,NOT_STARTED,M,F-014,Pipeline UI supports custom stages and optional WIP threshold alerts,GET/PATCH /v1/pipeline/config,pipeline_configs,Pipeline board UI,pipeline alert job,trace.pipeline.board;metrics.pipeline.wip,true,true,true,true,Demo includes seeded pipeline,Low,Low,Frontend+Backend,R3,S9,
F-075,Applications,pipeline,SLA breach alerts for stalled candidates,Employer|Agency,P1,NOT_STARTED,M,F-014,System alerts when stage SLA exceeds thresholds with owner routing,,application_stage_events;notification_events,SLA indicators UI,sla breach worker,metrics.pipeline.sla_breach;trace.pipeline.sla,true,true,true,true,Demo uses shortened SLA timers,Low,Low,Backend+Frontend,R3,S9,
F-076,Search & Ranking,search,Saved searches and alerts,Employer|Agency,P2,NOT_STARTED,M,F-033,Users can save search filters and receive updates on matching candidates,POST/GET /v1/searches/saved,saved_searches,Saved searches UI,saved-search notifier,trace.search.saved;metrics.search.alerts,true,true,true,true,Demo supports seeded search templates,Low,Low,Backend+Frontend,R3,S10,
F-077,Search & Ranking,search,Boolean query support for recruiters,Employer|Agency,P2,NOT_STARTED,M,F-033,Search parser supports boolean operators with safe query limits,GET /v1/candidates?q=...,search_query_logs,Advanced search builder,,trace.search.boolean;metrics.search.parse_errors,true,true,true,true,Demo includes query examples,Low,Low,Backend+Frontend,R3,S10,
F-078,Search & Ranking,search,Search relevance explainability panel,Employer|Agency,P3,NOT_STARTED,M,F-047,UI explains top ranking factors for each match result,GET /v1/candidates/match/:id/explain,match_explanations,Explainability drawer,,trace.match.explain;metrics.match.explain_views,true,true,true,true,Demo uses synthetic factor weights,Low,Medium,Backend+Frontend,R4,S12,
F-079,Employer Ops,employer,Candidate shortlist management,Employer|Agency,P1,NOT_STARTED,S,F-033,Employers can save/remove candidates to shortlist with notes,POST/DELETE /v1/shortlists/:id/items,shortlists;shortlist_items,Shortlist UI,,trace.shortlist.update,true,true,true,true,Demo shortlists pre-populated,Low,Low,Backend+Frontend,R2,S6,
F-080,Employer Ops,employer,Candidate comparison workspace,Employer|Agency,P2,NOT_STARTED,M,F-079,Users can compare shortlisted candidates side-by-side on key attributes,GET /v1/shortlists/:id/compare,shortlist_items,Candidate compare view,,trace.shortlist.compare;metrics.compare.usage,true,true,true,true,Demo includes comparison cards,Low,Low,Frontend+Backend,R3,S10,
F-081,Employer Ops,employer,Role blueprint composer,Employer|Agency,P2,NOT_STARTED,M,F-011,Job creation supports structured must-have/nice-to-have rubric sections,POST/PATCH /v1/jobs/:id/blueprint,job_blueprints,Role blueprint editor,,trace.jobs.blueprint,true,true,true,true,Demo includes templates,Low,Low,Backend+Frontend,R3,S10,
F-082,Employer Ops,employer,Hiring team assignment and permissions,Employer|Agency,P1,NOT_STARTED,M,F-004,Roles can be assigned per requisition with scoped actions,POST /v1/jobs/:id/team,job_team_assignments,Team assignment UI,,trace.jobs.team;audit.jobs,true,true,true,true,Demo team seeded with restricted roles,Medium,Medium,Backend+Frontend,R2,S7,
F-083,Employer Ops,employer,Interviewer load balancing suggestions,Employer|Agency,P3,NOT_STARTED,M,F-082,System suggests interviewer assignments based on load and expertise,GET /v1/interviewers/suggestions,interviewer_load_snapshots,Scheduler suggestions UI,load snapshot worker,metrics.interviewer.load;trace.scheduler.suggest,true,true,true,false,Demo uses synthetic loads,Low,Low,Backend+Frontend,R5,S14,
F-084,Candidate Experience,candidate,Application status transparency center,Candidate,P1,NOT_STARTED,M,F-014,Candidate sees stage expected next step and owner-visible timestamps,GET /v1/candidate/applications/status,applications;application_stage_events,Candidate status center,,trace.candidate.status;metrics.status_views,true,true,true,true,Demo fully enabled,Low,Low,Backend+Frontend,R2,S7,
F-085,Candidate Experience,candidate,Interview agenda and prep packet,Candidate,P2,NOT_STARTED,S,F-019,Candidate receives structured agenda and prep info before interviews,GET /v1/meetings/:id/prep,meeting_prep_packets,Prep packet UI,prep packet sender job,trace.meeting.prep;metrics.prep.open_rate,true,true,true,true,Demo includes sample prep packets,Low,Low,Backend+Frontend,R3,S9,
F-086,Candidate Experience,candidate,Candidate feedback request workflow,Candidate,P3,NOT_STARTED,M,F-073,Candidate can request feedback subject to employer policy and timing,POST /v1/applications/:id/feedback-request,feedback_requests,Feedback request UI,feedback reminder job,trace.feedback.request;metrics.feedback.fulfillment,true,true,true,true,Demo responses are synthetic only,Low,Medium,Backend+Frontend,R5,S13,
F-087,Candidate Experience,candidate,Offer comparison workspace,Candidate,P3,NOT_STARTED,M,F-073,Candidate can compare offers with configurable dimensions and notes,POST/GET /v1/candidate/offers/compare,offer_comparisons,Offer compare UI,,trace.offer.compare;metrics.offer.compare_usage,true,true,true,false,Demo uses sample offer objects,Low,Low,Frontend+Backend,R5,S14,
F-088,Notifications,notifications,Notification templates and localization keys,Internal,P2,NOT_STARTED,M,F-042,Template catalog supports channel-specific content and localization tokens,GET/POST /v1/internal/notification-templates,notification_templates,Template admin UI,template cache warmer,trace.notifications.templates,true,true,true,false,Demo uses fixed locale subset,Low,Low,Backend+Ops,R4,S11,
F-089,Notifications,notifications,Digest notifications (daily/weekly),Employer|Agency,P3,NOT_STARTED,M,F-042,Users can receive digest summaries with opt-in controls,POST/PATCH /v1/notifications/digest,notification_digest_prefs,Digest settings UI,digest compiler worker,metrics.digest.send;trace.digest.build,true,true,true,false,Demo sends in-app only digests,Low,Low,Backend+Frontend,R5,S14,
F-090,Billing,billing,Invoice history and download links,Employer|Agency,P2,NOT_STARTED,S,F-028,Users can list and access invoice artifacts securely,GET /v1/billing/invoices,invoices,Invoice history UI,,trace.billing.invoices,true,true,true,true,Demo invoices are synthetic PDFs,Medium,Medium,Backend+Frontend,R3,S10,
F-091,Billing,billing,Proration handling on plan changes,Employer|Agency,P2,NOT_STARTED,M,F-028,Upgrade/downgrade computes proration correctly and auditable,PATCH /v1/billing/subscriptions/:id,subscriptions;payment_events,Billing change confirmation UI,billing reconciliation worker,trace.billing.proration;metrics.billing.adjustments,true,true,true,false,Demo shows calculation preview only,Medium,High,Backend+Frontend,R4,S11,
F-092,Billing,billing,Dunning/retry state machine,Employer|Agency,P2,NOT_STARTED,M,F-028,Failed payment retries follow policy with grace periods and notifications,,payment_events;subscriptions,Billing status banners,dunning worker,metrics.billing.dunning;trace.billing.retry,true,true,true,false,Demo simulates payment failures,Medium,High,Backend+Frontend,R4,S12,
F-093,Security & Reliability,security,Webhook signature verification (Stripe),Internal,P0,NOT_STARTED,S,F-028,Incoming webhooks require valid signature and replay protection,POST /v1/billing/webhooks/stripe,webhook_events,,webhook verifier worker,trace.webhook.verify;security.webhook,true,true,true,false,,High,High,Backend,R1,S3,
F-094,Security & Reliability,security,Session anomaly detection,Candidate|Employer,P2,NOT_STARTED,M,F-002,Suspicious session behavior flagged for step-up auth and audit,,security_events,Security center alerts,risk scoring worker,metrics.security.anomaly;trace.security.risk,true,true,true,false,Demo uses synthetic alerts,Medium,High,Backend+Frontend,R4,S12,
F-095,Security & Reliability,security,IP/device-based risk scoring,Candidate|Employer,P3,NOT_STARTED,L,F-094,Risk score influences auth challenges and sensitive action gates,,security_events,Security event details,risk enrichment worker,metrics.security.risk_dist,true,true,true,false,Demo includes mock scores,Medium,High,Backend,R5,S15,
F-096,Security & Reliability,compliance,Data retention policy engine,Internal,P1,NOT_STARTED,M,F-031,Retention rules can archive/purge eligible records per policy and tenant,,retention_policies;audit_events,Retention policy UI,retention executor worker,trace.retention.run;audit.retention,true,true,true,false,,Medium,High,Backend+Ops,R3,S9,
F-097,Security & Reliability,compliance,Legal hold support for records,Enterprise,P2,NOT_STARTED,M,F-096,Legal hold prevents purge and provides auditable hold scope lifecycle,POST /v1/compliance/legal-holds,legal_holds,Legal hold admin UI,hold enforcement worker,trace.legal_hold;metrics.legal_hold,true,true,true,false,,Medium,High,Backend+Frontend,R4,S12,
F-098,Security & Reliability,compliance,Data export package (tenant scoped),Enterprise,P2,NOT_STARTED,M,F-031,Authorized admin can export tenant-scoped auditable data bundle,POST /v1/compliance/export-jobs,export_jobs,Export jobs UI,export builder worker,trace.export.job;metrics.export.duration,true,true,true,false,Demo exports synthetic datasets only,Medium,High,Backend+Frontend,R4,S12,
F-099,Observability,observability,SLO dashboard baseline,Internal,P1,NOT_STARTED,S,F-038,Dashboards expose API latency error rate queue health and reminder success,,slo_snapshots,Ops SLO dashboard,slo rollup worker,metrics.slo.*;alerts.slo,true,true,false,false,,Low,Medium,Ops,R2,S5,
F-100,Observability,observability,Business KPIs telemetry,Internal,P2,NOT_STARTED,M,F-046,KPIs tracked: conversion response SLAs stage velocity demo-to-signup,GET /v1/analytics/kpis,kpi_snapshots,KPI dashboard,kpi rollup worker,metrics.kpi.*;trace.analytics,true,true,true,true,Demo KPI stream separated by sandbox tag,Low,Low,Backend+Frontend,R3,S10,
F-101,Demo Platform,demo,Role-based demo tours,Visitor,P2,NOT_STARTED,S,F-036,Each demo role has guided tour steps with completion tracking,GET /v1/demo/tours,demo_tour_events,Demo tour overlays,,trace.demo.tour;metrics.demo.tour_completion,true,true,true,true,Candidate/Employer/Agency tours,Low,Low,Frontend,R3,S8,
F-102,Demo Platform,demo,Demo dataset versioning,Internal,P1,NOT_STARTED,S,F-037,Demo seed versions are versioned and rollbackable with metadata,,demo_seed_versions,Demo admin panel,demo seed manager worker,trace.demo.seed_version,true,true,true,false,,Low,Low,Backend+Ops,R2,S6,
F-103,Demo Platform,demo,Demo action guardrails,Visitor,P0,NOT_STARTED,S,F-036,Dangerous actions are sandboxed and clearly labeled with no external side effects,,demo_action_events,Demo warning banners,guardrail enforcement worker,trace.demo.guardrail;security.demo,true,true,true,true,No real emails/payments/webhooks in demo,Medium,Low,Backend+Frontend,R1,S3,
F-104,Platform Flags,flags,Tenant-scoped feature rollout rules,Internal,P1,NOT_STARTED,S,F-048,Flags can target tenant plan role and percentage rollouts,GET /v1/flags,feature_flag_rules,Flag diagnostics panel,,trace.flags.rules;metrics.flags.hit,true,true,true,true,Demo uses separate flag namespace,Low,Low,Backend+Frontend,R2,S6,
F-105,Platform Flags,flags,Safe fallback when flag provider unavailable,Internal,P1,NOT_STARTED,S,F-104,System defaults to safe values and logs degraded mode events,,flag_fallback_events,,fallback monitor worker,trace.flags.fallback;alerts.flags,true,true,false,false,,Low,Medium,Backend,R2,S6,
F-106,Keyboard UX,shortcuts,Shortcut cheat-sheet modal,All,P2,NOT_STARTED,S,F-034,Users can open shortcut help and search by action/category,,command_palette_events,Shortcut help modal,,metrics.shortcuts.help_open,true,true,true,true,Demo opens on first session,Low,Low,Frontend,R3,S8,
F-107,Keyboard UX,shortcuts,Shortcut conflict resolver UI,All,P2,NOT_STARTED,M,F-035,UI prevents duplicate bindings within same scope and shows resolution actions,GET/PATCH /v1/shortcuts,shortcut_bindings,Shortcut conflict UI,,trace.shortcuts.conflicts,true,true,true,true,Demo allows temporary remaps,Low,Low,Frontend+Backend,R3,S9,
F-108,Keyboard UX,shortcuts,Context-aware command actions,All,P2,NOT_STARTED,M,F-034,Palette actions adapt by role and page context with permission checks,GET /v1/commands,command_registry,Dynamic command palette,command cache job,trace.commands.invoke;metrics.commands.use,true,true,true,true,Demo includes curated action list,Low,Low,Backend+Frontend,R3,S9,
F-109,UX & Accessibility,accessibility,Dialog focus trap and return focus,All,P0,NOT_STARTED,S,F-041,All modal/drawer components trap focus and restore trigger focus on close,,,UI primitive updates,,trace.a11y.dialog_focus,true,true,true,true,Demo validated via e2e keyboard tests,Low,Medium,Frontend,R1,S2,
F-110,UX & Accessibility,accessibility,ARIA labeling and form associations,All,P0,NOT_STARTED,S,F-041,Inputs/controls have programmatic labels and accessible descriptions,,,Global form components,,trace.a11y.form_labels,true,true,true,true,Demo included in a11y suite,Low,Medium,Frontend,R1,S2,
F-111,UX & Accessibility,accessibility,Reduced-motion compliance,All,P1,NOT_STARTED,S,F-041,Animations respect reduced-motion setting across GSAP and Motion,,,Motion system settings,,trace.ui.reduced_motion,true,true,true,true,Demo toggle shown in settings,Low,Low,Frontend,R2,S5,
F-112,UX & Accessibility,localization,Locale-safe date/time formatting,All,P1,NOT_STARTED,S,F-051,All scheduling times render with locale+timezone correctness,,,DateTime UI helpers,,trace.i18n.datetime,true,true,true,true,Demo supports en-US baseline,Low,Low,Frontend,R2,S5,
F-113,Performance,frontend,Route-level code splitting and suspense boundaries,All,P1,NOT_STARTED,M,F-040,Heavy pages split correctly with loading states and no hydration regressions,,,Route wrappers,,metrics.web.vitals;trace.ui.suspense,true,true,true,true,Demo includes perf budget checks,Low,Low,Frontend,R2,S6,
F-114,Performance,backend,Read/write DB split strategy,Internal,P2,NOT_STARTED,M,F-099,Read-heavy queries can route to replicas with consistency-safe fallbacks,,db_topology_config,,db routing job,metrics.db.replica_lag;trace.db.route,true,true,false,false,,Medium,Medium,Backend+Ops,R4,S11,
F-115,Performance,backend,Pagination standards across list endpoints,All,P0,NOT_STARTED,S,F-012,List APIs support cursor pagination with stable ordering guarantees,GET list endpoints,pagination_cursors,List virtualization components,,trace.api.pagination;metrics.page_size,true,true,true,true,Demo datasets use bounded cursors,Low,Low,Backend+Frontend,R1,S3,
F-116,Performance,search,Search index refresh jobs,Internal,P2,NOT_STARTED,M,F-033,Index refresh jobs update candidate/job search freshness under SLA,,search_index_state,,search indexer worker,metrics.search.index_lag;trace.search.index,true,true,true,false,,Low,Low,Backend+Ops,R4,S12,
F-117,Data Quality,data,Schema-level validation and enum normalization,Internal,P1,NOT_STARTED,S,F-006,DB constraints and enums enforce valid states consistently,,multiple core tables,,migration verifier job,trace.data.validation,true,true,false,false,,Low,Medium,Backend,R2,S5,
F-118,Data Quality,data,Soft-delete policy standardization,Internal,P1,NOT_STARTED,M,F-117,Soft-delete semantics and query filters are consistent platform-wide,,multiple tables,,cleanup/restore worker,trace.data.soft_delete,true,true,true,false,,Medium,Medium,Backend,R3,S8,
F-119,Data Quality,data,Reference integrity checker jobs,Internal,P2,NOT_STARTED,M,F-117,Nightly jobs detect orphan/malformed references and alert operators,,data_integrity_reports,Ops integrity dashboard,integrity checker worker,metrics.data.integrity;alerts.data,true,true,false,false,,Low,Medium,Backend+Ops,R4,S11,
F-120,Agency Features,agency,Agency client-facing branded portal,Agency,P2,NOT_STARTED,M,F-045,Agency can provide client-specific branded view with isolated data scope,GET /v1/agency/clients/:id/portal,tenant_branding,Branded portal UI,,trace.agency.portal,true,true,true,true,Demo uses 2 theme presets,Medium,Medium,Frontend+Backend,R4,S12,
F-121,Agency Features,agency,Recruiter assignment and ownership rules,Agency,P2,NOT_STARTED,M,F-045,Candidate ownership and reassignment rules enforced with audit,POST /v1/agency/ownership,ownership_rules;audit_events,Ownership management UI,ownership rule worker,trace.agency.ownership;audit.agency,true,true,true,false,,Medium,Medium,Backend+Frontend,R4,S12,
F-122,Agency Features,agency,Client SLA contract tracking,Agency,P2,NOT_STARTED,M,F-075,Agency can track SLA commitments and breach history per client,GET /v1/agency/slas,agency_sla_contracts;sla_breach_events,SLA contract UI,sla breach worker,metrics.agency.sla;trace.agency.sla,true,true,true,false,Demo shows synthetic SLA cards,Low,Low,Backend+Frontend,R4,S12,
F-123,Agency Features,agency,Submission-to-interview conversion analytics,Agency,P2,NOT_STARTED,S,F-046,Agency sees conversion metrics by recruiter/client/role,GET /v1/agency/analytics/conversion,agency_conversion_snapshots,Agency analytics UI,analytics rollup worker,metrics.agency.conversion,true,true,true,true,Demo uses seeded analytics,Low,Low,Backend+Frontend,R4,S12,
F-124,Marketplace,trust,Employer legitimacy verification workflow,Candidate|Internal,P2,NOT_STARTED,L,F-010,Employer verification status and evidence are tracked and surfaced,POST /v1/trust/employer-verification,employer_verifications,Trust badge UI,verification review worker,trace.trust.employer;security.trust,true,true,true,false,Demo displays pre-verified employers only,High,High,Backend+Frontend,R5,S13,
F-125,Marketplace,trust,Candidate identity verification workflow,Candidate|Internal,P2,NOT_STARTED,L,F-006,Candidate identity verification status is managed with policy gates,POST /v1/trust/candidate-verification,candidate_verifications,Verification status UI,verification provider worker,trace.trust.candidate;security.trust,true,true,true,false,Demo simulated verification states only,High,High,Backend+Frontend,R5,S13,
F-126,Marketplace,trust,Scam/fraud reporting center,All,P2,NOT_STARTED,M,F-031,Users can file scam reports with evidence and triage workflow,POST /v1/trust/reports,trust_reports;security_events,Report center UI,trust triage worker,trace.trust.report;metrics.trust.reports,true,true,true,true,Demo reports routed to sandbox queue,Medium,High,Backend+Frontend,R4,S11,
F-127,Marketplace,trust,Abuse pattern detection signals,Internal,P3,NOT_STARTED,L,F-032,System surfaces suspicious behavior patterns for moderation review,,security_events,Moderation queue UI,risk detection worker,metrics.abuse.signals;trace.security.abuse,true,true,true,false,Demo uses synthetic abuse data,Medium,Medium,Backend+Ops,R5,S15,
F-128,Compliance,privacy,DSAR request intake and tracking,All,P2,NOT_STARTED,M,F-044,Users can request data access/export/delete with status tracking,POST /v1/privacy/requests,privacy_requests,Privacy request UI,privacy request worker,trace.privacy.dsar;metrics.privacy.sla,true,true,true,false,,Medium,High,Backend+Frontend,R4,S12,
F-129,Compliance,privacy,Consent receipt ledger,All,P1,NOT_STARTED,S,F-044,Consent events are immutable queryable and tied to policy versions,,consents,Consent history UI,,trace.privacy.consent;audit.consent,true,true,true,false,,Low,High,Backend+Frontend,R3,S8,
F-130,Compliance,privacy,Purpose-based access controls metadata,Internal,P3,NOT_STARTED,L,F-004,Sensitive data access logs include declared purpose and actor,,data_access_logs,Admin access viewer,purpose audit worker,trace.privacy.access_purpose;security.access,true,true,false,false,,Medium,High,Backend,R5,S15,
F-131,Analytics,analytics,Time-to-hire and stage duration analytics,Employer|Agency,P1,NOT_STARTED,S,F-046,Dashboard shows time-to-hire and stage durations by role/team,GET /v1/analytics/time-to-hire,kpi_snapshots,Analytics cards,,metrics.hiring.time_to_hire,true,true,true,true,Demo shows seeded trends,Low,Low,Backend+Frontend,R3,S9,
F-132,Analytics,analytics,Interviewer calibration variance report,Employer|Agency,P3,NOT_STARTED,M,F-015,Reports show variance across interviewer scores with privacy controls,GET /v1/analytics/interviewer-variance,interviewer_variance_reports,Calibration report UI,report generator worker,metrics.interviewer.variance,true,true,true,false,Demo anonymized only,Medium,Medium,Backend+Frontend,R5,S14,
F-133,Analytics,analytics,Quality-of-hire feedback loop scaffolding,Internal,P3,NOT_STARTED,L,F-073,Schema and APIs support post-hire outcome feedback linkage,POST /v1/analytics/quality-feedback,quality_feedback_events,Quality feedback UI,feedback rollup worker,metrics.quality_of_hire;trace.quality.loop,true,true,false,false,,Low,Medium,Backend+Frontend,R5,S15,
F-134,Candidate Experience,candidate,Candidate opportunity tracker board,Candidate,P2,NOT_STARTED,S,F-084,Candidate can track all active opportunities and deadlines in one board,GET /v1/candidate/opportunities,applications,Opportunity tracker UI,,trace.candidate.opportunities,true,true,true,true,Demo enabled with seeded cards,Low,Low,Frontend+Backend,R3,S9,
F-135,Candidate Experience,candidate,Interview availability quick actions,Candidate,P2,NOT_STARTED,S,F-051,Candidate can accept suggested slots quickly from notifications,POST /v1/meetings/:id/quick-accept,meeting_status_events,Quick accept UI from notifications,reminder resync job,trace.meeting.quick_accept,true,true,true,true,Demo quick flow enabled,Low,Low,Backend+Frontend,R3,S9,
F-136,Candidate Experience,candidate,Profile completeness scoring,Candidate,P2,NOT_STARTED,S,F-006,System shows profile completeness and actionable missing fields,GET /v1/candidates/:id/completeness,candidate_profiles,Completeness widget,,trace.candidate.completeness;metrics.profile.complete,true,true,true,true,Demo includes progress milestones,Low,Low,Backend+Frontend,R3,S10,
F-137,Candidate Experience,candidate,Resume/profile import assistant,Candidate,P3,NOT_STARTED,M,F-008,Candidate can import profile fields from resume with user confirmation,POST /v1/candidates/:id/import,resume_import_events,Import wizard UI,import parser worker,trace.candidate.import;metrics.import.accept,true,true,true,true,Demo import uses static samples,Low,Low,Backend+Frontend,R5,S14,
F-138,Jobs,jobs,Job post approval workflow (optional),Employer|Agency,P3,NOT_STARTED,M,F-011,Orgs can require approval before publish with audit events,POST /v1/jobs/:id/approval,job_approvals,Approval workflow UI,approval reminder worker,trace.jobs.approval;audit.jobs,true,true,true,false,,Low,Medium,Backend+Frontend,R5,S14,
F-139,Jobs,jobs,Job duplication and template library,Employer|Agency,P2,NOT_STARTED,S,F-011,Users can duplicate jobs and save reusable templates,POST /v1/jobs/:id/duplicate|POST /v1/jobs/templates,job_templates,Template picker UI,,trace.jobs.template;metrics.template.use,true,true,true,true,Demo includes starter templates,Low,Low,Backend+Frontend,R3,S10,
F-140,Platform,sdk,Typed frontend SDK generation from contracts,Internal,P0,NOT_STARTED,M,F-040,Frontend consumes generated typed SDK; no untyped fetch in feature code,internal build task,sdk_generation_state,SDK package integration,,trace.sdk.generation;metrics.sdk.drift,true,true,true,false,,Low,Medium,Platform,R1,S2,
F-141,Platform,contracts,Schema contract versioning policy,Internal,P1,NOT_STARTED,S,F-140,All API schemas are versioned with backward-compat rules and deprecation windows,internal /contracts/version,contract_versions,Contract docs UI,,trace.contract.version;metrics.contract.breaks,true,true,false,false,,Low,Medium,Platform,R2,S5,
F-142,Platform,api,Standard error model envelope,All,P0,NOT_STARTED,S,F-140,All endpoints return consistent typed error envelope with codes and correlation IDs,ALL endpoints,error_catalog,Error state UI components,,trace.api.errors;metrics.error.rate,true,true,true,true,Demo shows safe human-readable errors,Low,Low,Backend+Frontend,R1,S3,
F-143,Platform,api,Request correlation and id propagation,Internal,P0,NOT_STARTED,S,F-038,Incoming requests get correlation IDs propagated through jobs/external calls,ALL endpoints,request_context,Dev diagnostics panel,context propagation hooks,trace.correlation.chain;log.request_id,true,true,false,false,,Low,Medium,Backend,R1,S2,
F-144,Platform,api,Pagination + sorting contract standardization,All,P0,NOT_STARTED,S,F-115,All list endpoints support standard cursor/sort params and metadata,ALL list endpoints,pagination_state,List table adapters,,trace.api.pagination_std,true,true,true,true,Demo data respects same contract,Low,Low,Backend+Frontend,R1,S3,
F-145,Platform,api,API deprecation headers and notices,Internal,P2,NOT_STARTED,S,F-141,Deprecated routes emit headers and migration docs links,deprecated endpoints,api_deprecations,Admin deprecation dashboard,deprecation notifier worker,trace.api.deprecations,true,true,false,false,,Low,Low,Platform,R3,S9,
F-146,Platform,data,Database migration guardrails and linting,Internal,P0,NOT_STARTED,S,F-049,Migrations pass lint checks (locks indexes rollback notes) before merge,internal migration checker,migration_audit,Ops migration report,migration lint worker,metrics.migration.lint_fail,true,true,false,false,,Low,High,Platform+Ops,R1,S1,
F-147,Platform,data,Expand-contract deployment pattern automation,Internal,P1,NOT_STARTED,M,F-146,Schema changes support zero-downtime expand/contract toggles,internal rollout APIs,schema_rollout_state,Release control UI,schema rollout worker,trace.schema.rollout;metrics.rollout.fail,true,true,false,false,,Low,High,Platform+Ops,R2,S6,
F-148,Platform,cache,Redis key namespace policy and TTL registry,Internal,P1,NOT_STARTED,S,F-038,All redis keys follow namespace standards with documented TTLs,internal cache policy endpoint,cache_policies,Ops cache explorer,cache janitor worker,metrics.cache.hit;metrics.cache.stale,true,true,false,false,,Low,Low,Backend+Ops,R2,S5,
F-149,Platform,search,Full-text index tuning for jobs/candidates,Employer|Candidate,P1,NOT_STARTED,M,F-033,Search indexes tuned for relevance and p95 latency budget,GET /v1/search/diagnostics,search_tuning_runs,Search diagnostics panel,index optimization worker,metrics.search.p95;trace.search.plan,true,true,true,true,Demo uses reduced corpus,Low,Low,Backend+Ops,R3,S10,
F-150,Platform,ops,Operational runbook and incident templates,Internal,P1,NOT_STARTED,S,F-099,Runbooks exist for auth/chat/scheduling/billing incident classes,internal docs index,incident_templates,Ops runbook UI,,metrics.incident.mtta;metrics.incident.mttr,true,true,false,false,,Low,Medium,Ops,R2,S6,
F-151,Auth & Identity,identity,Password reset with secure token lifecycle,Candidate|Employer,P0,NOT_STARTED,S,F-002,Users can request/reset password with single-use expiring token,POST /v1/auth/password-reset/*,password_reset_tokens,Reset password UI,password token cleanup worker,trace.auth.reset;security.auth,true,true,true,true,Demo uses local token simulation,Medium,Medium,Backend+Frontend,R1,S2,
F-152,Auth & Identity,identity,Email verification resend and cooldown,Candidate|Employer,P1,NOT_STARTED,S,F-001,Verification resend obeys cooldown and abuse limits,POST /v1/auth/email/resend,email_verification_events,Verification status UI,,trace.auth.verify_email;metrics.email.resend,true,true,true,true,Demo no real email dispatch,Low,Low,Backend+Frontend,R2,S5,
F-153,Auth & Identity,security,Session revocation (all devices),Candidate|Employer,P1,NOT_STARTED,S,F-002,User can revoke all active sessions and re-auth required,POST /v1/auth/sessions/revoke-all,sessions,Security sessions UI,session revocation worker,trace.auth.revoke;security.session,true,true,true,false,,Medium,Medium,Backend+Frontend,R2,S6,
F-154,Auth & Identity,security,Trusted device management,Candidate|Employer,P2,NOT_STARTED,M,F-005,Users can mark/remove trusted devices with risk-based policies,GET/PATCH /v1/auth/devices,trusted_devices,Device manager UI,,trace.auth.devices;metrics.auth.trusted,true,true,true,false,,Medium,High,Backend+Frontend,R4,S11,
F-155,Tenancy,tenancy,Tenant-aware query helper library,Internal,P0,NOT_STARTED,S,F-003,All repository queries use tenant-safe helpers by default,internal library,n/a,Dev tooling docs,,trace.tenant.query_guard,true,true,false,false,,High,High,Backend,R1,S2,
F-156,Tenancy,tenancy,Cross-tenant access test harness,Internal,P0,NOT_STARTED,M,F-155,Automated tests attempt cross-tenant access on protected resources,internal test harness,n/a,QA dashboard,,metrics.security.tenant_test,true,true,true,false,,High,High,QA+Backend,R1,S3,
F-157,Tenancy,tenancy,Tenant cloning for staging/demo seeds,Internal,P2,NOT_STARTED,M,F-037,Ops can clone sanitized tenant datasets for demos/staging safely,POST /v1/internal/tenants/clone,tenant_clone_jobs,Ops clone UI,tenant clone worker,trace.tenant.clone;security.data_mask,true,true,false,false,,Medium,High,Ops+Backend,R4,S12,
F-158,Candidate Profile,candidate,Portfolio link validation and previews,Candidate,P2,NOT_STARTED,S,F-006,Portfolio URLs validated and preview metadata fetched with safety checks,POST /v1/candidates/:id/portfolio-links,candidate_portfolio_links,Portfolio links UI,preview fetch worker,trace.candidate.portfolio;metrics.preview.fail,true,true,true,true,Demo uses whitelisted preview domains,Low,Low,Backend+Frontend,R3,S9,
F-159,Candidate Profile,candidate,Work preference matrix (remote/hybrid/etc),Candidate,P1,NOT_STARTED,S,F-006,Candidates can set location/compensation/schedule preferences,PATCH /v1/candidates/:id/preferences,candidate_preferences,Preferences UI,,trace.candidate.preferences,true,true,true,true,Demo includes sample preferences,Low,Low,Backend+Frontend,R2,S6,
F-160,Candidate Profile,candidate,Availability badge on profile,Employer|Candidate,P2,NOT_STARTED,S,F-051,Profile surfaces interview/job start availability with freshness date,GET /v1/candidates/:id,candidate_profiles,Profile badge component,availability refresh worker,trace.candidate.availability_badge,true,true,true,true,Demo data auto-refresh simulated,Low,Low,Backend+Frontend,R3,S10,
F-161,Jobs,jobs,Compensation range normalization and currency support,Employer|Candidate,P1,NOT_STARTED,M,F-011,Job comp ranges normalized across currencies with display conversion,POST/PATCH /v1/jobs,job_comp_ranges,Compensation input/display UI,currency refresh worker,trace.jobs.compensation;metrics.currency.refresh,true,true,true,true,Demo uses static FX snapshot,Low,Low,Backend+Frontend,R3,S9,
F-162,Jobs,jobs,Job freshness and expiry lifecycle,Employer|Candidate,P1,NOT_STARTED,S,F-011,Jobs auto-expire based on policy and show freshness indicators,GET/PATCH /v1/jobs,job_posts,Job freshness UI,job expiry worker,trace.jobs.expiry;metrics.jobs.expired,true,true,true,true,Demo uses shortened expiry window,Low,Low,Backend+Frontend,R2,S6,
F-163,Jobs,jobs,Duplicate job detection,Employer|Agency,P2,NOT_STARTED,M,F-011,System warns on near-duplicate job drafts to reduce clutter,POST /v1/jobs/duplicate-check,job_duplicate_signals,Duplicate warning UI,dup detection worker,metrics.jobs.duplicates;trace.jobs.dup_check,true,true,true,true,Demo includes duplicate scenario fixtures,Low,Low,Backend+Frontend,R4,S11,
F-164,Applications,applications,Candidate withdrawal workflow,Candidate,P1,NOT_STARTED,S,F-013,Candidate can withdraw application with reason and audit trail,POST /v1/applications/:id/withdraw,application_stage_events;audit_events,Withdraw action UI,notification worker,trace.applications.withdraw;audit.apply,true,true,true,true,Demo supports reversible state via reset,Low,Medium,Backend+Frontend,R2,S7,
F-165,Applications,applications,Reapply eligibility rules,Employer|Candidate,P2,NOT_STARTED,S,F-164,System enforces configurable cooldown before reapply,POST /v1/jobs/:id/apply,application_reapply_rules,Reapply guidance UI,eligibility evaluator worker,trace.applications.reapply;metrics.reapply.block,true,true,true,true,Demo rule set visible in help,Low,Low,Backend+Frontend,R3,S9,
F-166,Applications,pipeline,Bulk stage actions with safeguards,Employer|Agency,P2,NOT_STARTED,M,F-014,Bulk actions require confirmation preview impact and idempotent execution,POST /v1/applications/bulk-stage,bulk_action_jobs,Bulk action panel,bulk stage worker,trace.pipeline.bulk;metrics.bulk.success,true,true,true,true,Demo limited to 20 items per batch,Medium,Medium,Backend+Frontend,R4,S11,
F-167,Applications,pipeline,Pipeline snapshot/version history,Employer|Agency,P2,NOT_STARTED,M,F-014,Users can view historical pipeline snapshots and restore views,GET /v1/pipeline/snapshots,pipeline_snapshots,Snapshot timeline UI,snapshot rollup worker,trace.pipeline.snapshot;metrics.snapshot.size,true,true,true,false,Demo read-only snapshots,Low,Low,Backend+Frontend,R4,S12,
F-168,Messaging,chat,Conversation export for compliance roles,Enterprise,P2,NOT_STARTED,M,F-065,Authorized roles can export conversation transcripts with audit,POST /v1/conversations/:id/export,conversation_exports;audit_events,Export action UI,conversation export worker,trace.chat.export;audit.export,true,true,true,false,Demo exports synthetic text only,Medium,High,Backend+Frontend,R4,S12,
F-169,Messaging,chat,Read receipt privacy controls,Candidate|Employer,P2,NOT_STARTED,S,F-017,Users can disable read receipts per policy/tenant settings,PATCH /v1/chat/privacy,chat_privacy_prefs,Privacy controls UI,,trace.chat.privacy;metrics.read_receipt_optout,true,true,true,true,Demo setting resets each session,Low,Low,Backend+Frontend,R3,S9,
F-170,Messaging,chat,Message retention by tenant policy,Enterprise,P2,NOT_STARTED,M,F-096,Message retention periods enforce archive/purge policies safely,,message_retention_rules,Retention policy UI,retention executor worker,trace.chat.retention;metrics.retention.deleted,true,true,true,false,,Medium,High,Backend+Ops,R4,S12,
F-171,Scheduling,scheduling,Round-robin interviewer slot assignment,Employer|Agency,P2,NOT_STARTED,M,F-082,System can assign interview slots via round-robin policy with overrides,POST /v1/scheduling/round-robin,interviewer_assignment_rules,Round-robin settings UI,slot assignment worker,trace.scheduling.round_robin;metrics.assignment.balance,true,true,true,false,Demo uses 3 interviewer pool,Low,Low,Backend+Frontend,R4,S11,
F-172,Scheduling,scheduling,Buffer time rules between meetings,Employer|Candidate,P1,NOT_STARTED,S,F-051,Meeting scheduling respects pre/post buffer constraints,POST/PATCH /v1/availability,buffer_time_rules,Buffer settings UI,,trace.scheduling.buffers;metrics.buffer_violations,true,true,true,true,Demo default 10-min buffers,Low,Low,Backend+Frontend,R2,S7,
F-173,Scheduling,scheduling,Timezone conflict warnings,Candidate|Employer,P1,NOT_STARTED,S,F-051,UI warns when proposed times are outside recipient working hours,,meeting_requests,Timezone warning UI,,trace.scheduling.timezone_warn;metrics.timezone_warn,true,true,true,true,Demo shows sample cross-timezone case,Low,Low,Frontend+Backend,R2,S7,
F-174,Scheduling,reminders,Reminder acknowledgment tracking,All,P2,NOT_STARTED,S,F-023,System tracks if reminders were viewed/acknowledged and escalates accordingly,POST /v1/reminders/:id/ack,reminder_delivery_events,Reminder center UI,escalation worker,metrics.reminder.ack_rate;trace.reminder.ack,true,true,true,true,Demo uses accelerated reminders,Low,Low,Backend+Frontend,R3,S10,
F-175,Scheduling,reminders,No-show auto-resolution workflow,Employer|Candidate,P2,NOT_STARTED,M,F-053,Missed meetings trigger no-show flow with reschedule suggestion and logs,POST /v1/meetings/:id/no-show,meeting_status_events;audit_events,No-show resolution UI,no-show resolver worker,trace.meeting.no_show;metrics.no_show.rate,true,true,true,true,Demo includes simulated missed call,Low,Low,Backend+Frontend,R3,S10,
F-176,Interview,interview,In-call network quality indicator,Employer|Candidate,P2,NOT_STARTED,S,F-025,UI displays network quality state from session telemetry,,video_session_events,In-call quality indicator,,trace.interview.quality_ui;metrics.call_quality,true,true,true,true,Demo uses synthetic quality changes,Low,Low,Frontend+Backend,R3,S9,
F-177,Interview,interview,Auto-rejoin and reconnect flow,Candidate|Employer,P2,NOT_STARTED,M,F-024,Transient disconnect triggers reconnect attempts with user feedback,POST /v1/interviews/sessions/:id/reconnect,video_session_events,Reconnect UI state,reconnect monitor worker,trace.interview.reconnect;metrics.reconnect.success,true,true,true,true,Demo includes forced disconnect test,Low,Low,Backend+Frontend,R3,S10,
F-178,Interview,interview,Device switch mid-call support,Candidate|Employer,P3,NOT_STARTED,M,F-177,Participants can switch camera/mic device during session reliably,,video_session_events,Device switch UI,,trace.interview.device_switch;metrics.device_switch_fail,true,true,true,true,Demo supports mocked devices,Low,Low,Frontend,R5,S14,
F-179,Interview,evaluation,Interview notes private/public sections,Interviewer,P2,NOT_STARTED,S,F-015,Notes support private interviewer section and shared summary section,POST/PATCH /v1/interviews/sessions/:id/notes,interviewer_notes,Notes editor UI,,trace.interview.notes,true,true,true,true,Demo includes canned notes,Low,Medium,Backend+Frontend,R3,S10,
F-180,Interview,evaluation,Decision recommendation assistant scaffolding,Interviewer|Employer,P3,NOT_STARTED,M,F-073,System scaffolds recommendation checklist without auto-deciding outcomes,GET /v1/decisions/checklist,decision_checklists,Recommendation checklist UI,,trace.decision.checklist;metrics.checklist.complete,true,true,true,false,Demo uses static recommendation logic,Low,Medium,Frontend+Backend,R5,S15,
F-181,Billing,billing,Seat-based billing support,Agency|Enterprise,P2,NOT_STARTED,M,F-028,Billing supports seat counts with proration and entitlement gating,POST/PATCH /v1/billing/seats,billing_seats,Seat management UI,seat sync worker,trace.billing.seats;metrics.seat_count,true,true,true,false,Demo shows simulated seat updates,Medium,High,Backend+Frontend,R4,S12,
F-182,Billing,billing,Annual/monthly plan switching,Employer|Agency,P2,NOT_STARTED,S,F-027,Users can switch billing interval with correct effective dates,PATCH /v1/billing/subscriptions/:id,subscriptions,Billing interval UI,billing scheduler worker,trace.billing.interval;metrics.interval_switch,true,true,true,false,Demo preview only,Medium,Medium,Backend+Frontend,R4,S11,
F-183,Billing,billing,Invoice tax metadata support,Employer|Agency,P3,NOT_STARTED,M,F-090,Invoice records include tax metadata fields and rendering hooks,GET /v1/billing/invoices,invoices;invoice_tax_lines,Invoice details UI,tax metadata sync worker,trace.billing.tax;metrics.tax.missing,true,true,true,false,Demo includes synthetic tax lines,Low,High,Backend+Frontend,R5,S14,
F-184,Billing,billing,Billing role permissions and approvals,Agency|Enterprise,P2,NOT_STARTED,M,F-004,Billing changes can require approval by finance role policy,POST /v1/billing/approvals,billing_approvals,Billing approval UI,approval workflow worker,trace.billing.approval;audit.billing,true,true,true,false,,Medium,High,Backend+Frontend,R4,S12,
F-185,Notifications,notifications,In-app toasts + center dedupe logic,All,P1,NOT_STARTED,S,F-042,Duplicate events deduped across toast and notification center,,notification_events,Toast system + center,,trace.notifications.dedupe;metrics.notifications.dup,true,true,true,true,Demo includes burst event simulation,Low,Low,Frontend+Backend,R2,S6,
F-186,Notifications,notifications,Notification channel fallback rules,All,P2,NOT_STARTED,M,F-043,If primary channel fails fallback channel policy triggers safely,,notification_fallback_rules,Notification policy UI,fallback dispatcher worker,metrics.notifications.fallback;trace.notifications.route,true,true,true,false,Demo fallback to in-app only,Low,Low,Backend+Frontend,R4,S11,
F-187,Notifications,notifications,User do-not-disturb windows,All,P2,NOT_STARTED,S,F-055,DND windows suppress non-critical notifications with overrides,PATCH /v1/notifications/dnd,notification_dnd_rules,DND settings UI,,trace.notifications.dnd;metrics.dnd.suppressed,true,true,true,true,Demo stores per session,Low,Low,Backend+Frontend,R3,S9,
F-188,Analytics,analytics,Recruiter productivity dashboard,Agency|Employer,P2,NOT_STARTED,M,F-046,Dashboard shows outreach volume response rate stage throughput,GET /v1/analytics/recruiter-productivity,recruiter_productivity_snapshots,Recruiter KPI dashboard,analytics rollup worker,metrics.recruiter.productivity;trace.analytics,true,true,true,true,Demo seeded KPI set,Low,Low,Backend+Frontend,R4,S11,
F-189,Analytics,analytics,Meeting conversion funnel metrics,Employer|Agency,P2,NOT_STARTED,S,F-019,Tracks request->accept->completed->decision conversion rates,GET /v1/analytics/meeting-funnel,meeting_funnel_snapshots,Funnel chart UI,rollup worker,metrics.meeting.funnel;trace.analytics,true,true,true,true,Demo uses accelerated sample data,Low,Low,Backend+Frontend,R3,S10,
F-190,Analytics,analytics,Demo-to-signup conversion tracking,Internal,P1,NOT_STARTED,S,F-036,Tracks demo entry tour completion CTA clicks and signup starts,GET /v1/analytics/demo-conversion,demo_conversion_events,Demo analytics panel,analytics rollup worker,metrics.demo.conversion;trace.demo.events,true,true,true,true,Core for portfolio conversion proof,Low,Low,Backend+Frontend,R2,S6,
F-191,Agency Features,agency,Client approval gates on candidate submissions,Agency,P2,NOT_STARTED,M,F-045,Agency submissions can require client approval before interview request,POST /v1/agency/submissions/:id/approve,agency_submission_approvals,Submission approval UI,approval reminder worker,trace.agency.submission_approval,true,true,true,false,Demo approval flow seeded,Low,Medium,Backend+Frontend,R4,S12,
F-192,Agency Features,agency,Agency recruiter leaderboard,Agency,P3,NOT_STARTED,S,F-188,Leaderboard ranks recruiters by configurable KPIs and period,GET /v1/agency/leaderboard,agency_leaderboards,Leaderboard UI,leaderboard rollup worker,metrics.agency.leaderboard;trace.analytics,true,true,true,true,Demo shows anonymized names,Low,Low,Backend+Frontend,R5,S14,
F-193,Agency Features,agency,Agency SLA penalty simulation model,Agency,P3,NOT_STARTED,M,F-122,Simulates SLA miss impact for planning and staffing scenarios,POST /v1/agency/sla/simulate,agency_sla_simulations,SLA simulator UI,simulation worker,metrics.agency.sla_sim;trace.agency.sim,true,true,true,false,Demo uses synthetic coefficients,Low,Low,Backend+Frontend,R5,S15,
F-194,Trust & Safety,trust,Content moderation queue for reports,Internal,P2,NOT_STARTED,M,F-126,Reported entities/messages enter triage queue with status lifecycle,GET/POST /v1/trust/moderation-queue,moderation_cases,Moderation console,moderation triage worker,trace.trust.moderation;metrics.moderation.backlog,true,true,true,false,Demo has sandbox moderation queue,Medium,Medium,Backend+Frontend,R4,S11,
F-195,Trust & Safety,trust,Automated suspicious link detection in chat,All,P3,NOT_STARTED,M,F-017,Potentially malicious links flagged with warning UX and policy action,,security_events;messages,Link warning UI,link classifier worker,metrics.trust.link_flags;trace.trust.link,true,true,true,true,Demo classifier runs local rules only,Medium,Medium,Backend+Frontend,R5,S14,
F-196,Trust & Safety,trust,Block/report user controls,All,P2,NOT_STARTED,S,F-126,Users can block/report another user with evidence capture and policy outcomes,POST /v1/trust/block|POST /v1/trust/report,user_blocks;trust_reports,Block/report UI,trust review worker,trace.trust.user_action;metrics.block.rate,true,true,true,true,Demo actions reset each session,Low,Medium,Backend+Frontend,R4,S11,
F-197,Compliance,privacy,Policy version changelog and acceptance records,All,P2,NOT_STARTED,S,F-129,Users can view policy changes and acceptance timestamps,GET /v1/policies,policy_versions;consents,Policy center UI,,trace.policy.acceptance;audit.policy,true,true,true,false,,Low,High,Backend+Frontend,R4,S11,
F-198,Compliance,privacy,Regional data residency routing hooks,Enterprise,P3,NOT_STARTED,L,F-003,Data residency strategy hooks prepared for region-based routing,,data_residency_policies,Admin residency UI,residency routing worker,trace.residency.route;metrics.residency,true,true,false,false,,Medium,High,Backend+Ops,R5,S15,
F-199,Compliance,privacy,Sensitive field encryption-at-rest mapping,Internal,P1,NOT_STARTED,M,F-117,Defined encrypted columns and key rotation procedures with audits,,encryption_key_versions,Security config UI,key rotation worker,trace.security.encryption;metrics.key_rotation,true,true,false,false,,Medium,High,Backend+Ops,R3,S9,
F-200,Security & Reliability,security,CSRF/XSS hardening checklist enforcement,Internal,P0,NOT_STARTED,S,F-040,Security checks enforced in CI with failing gates on regressions,internal security scan endpoint,security_scan_results,Security report UI,security scanner worker,metrics.security.scan_fail;trace.security.scan,true,true,true,false,,High,High,Security+Platform,R1,S2,
F-201,Security & Reliability,security,Secrets management and rotation workflow,Internal,P1,NOT_STARTED,M,F-200,Secrets are rotated with audit logs and zero-downtime rollout support,internal /ops/secrets,secret_rotation_events,Ops secrets dashboard,secret rotation worker,trace.secrets.rotate;metrics.secrets.age,true,true,false,false,,High,High,Ops,R2,S6,
F-202,Security & Reliability,security,PII redaction in logs/traces,Internal,P0,NOT_STARTED,S,F-038,Sensitive fields are redacted by policy before storage/export,,redaction_policies,Ops redaction policy UI,redaction verification worker,metrics.redaction.violations;trace.redaction,true,true,false,false,,High,High,Backend+Ops,R1,S2,
F-203,Security & Reliability,reliability,Queue backpressure and circuit breaker policies,Internal,P1,NOT_STARTED,M,F-050,High-load conditions trigger graceful throttling and queue protection,,queue_health_snapshots,Ops queue status UI,circuit breaker worker,metrics.queue.backpressure;alerts.queue,true,true,true,false,,Medium,Medium,Backend+Ops,R2,S7,
F-204,Security & Reliability,reliability,Graceful degradation modes for external provider outages,Internal,P1,NOT_STARTED,M,F-105,Platform enters degraded mode with clear UX and fallback behavior,,degraded_mode_events,Degraded mode banners,degradation policy worker,metrics.degraded_mode;trace.degraded_mode,true,true,true,true,Demo can force degraded mode toggle,Low,Medium,Backend+Frontend,R2,S7,
F-205,Security & Reliability,reliability,Disaster recovery backup restore drill automation,Internal,P2,NOT_STARTED,L,F-150,Automated restore drills run and verify RPO/RTO objectives,internal /ops/drills,dr_rehearsal_runs,Ops DR dashboard,restore drill worker,metrics.dr.rpo;metrics.dr.rto,true,true,false,false,,Medium,High,Ops,R4,S12,
F-206,UX & Accessibility,ui,Theme tokens and semantic color mapping completeness,All,P0,NOT_STARTED,S,F-041,All UI components consume design tokens with no raw color leakage,,theme_token_audit,Theme inspector panel,token audit worker,metrics.ui.token_coverage;trace.ui.theme,true,true,true,true,Demo includes theme switch preview,Low,Low,Frontend,R1,S2,
F-207,UX & Accessibility,ui,High-contrast mode and accessibility palette,All,P1,NOT_STARTED,S,F-206,Users can enable high-contrast mode with AA/AAA checks on critical surfaces,,theme_preferences,Accessibility theme toggle,,metrics.a11y.contrast_fail;trace.ui.contrast,true,true,true,true,Demo includes accessibility toggle,Low,Medium,Frontend,R2,S5,
F-208,UX & Accessibility,ui,System typography scale and responsive type tokens,All,P1,NOT_STARTED,S,F-206,Type scale tokens ensure readable hierarchy across breakpoints,,typography_tokens,Typography guide UI,,metrics.ui.typography_violations,true,true,true,true,Demo typography stress-test page,Low,Low,Frontend,R2,S5,
F-209,UX & Accessibility,ui,Data table usability patterns (sort/filter/virtual),Employer|Agency,P1,NOT_STARTED,M,F-074,Large tables support virtualization sticky headers keyboard nav and state persistence,,table_state_snapshots,Table framework components,,metrics.table.render_ms;trace.ui.table,true,true,true,true,Demo includes 10k-row synthetic dataset,Low,Low,Frontend+Backend,R3,S9,
F-210,UX & Accessibility,ui,Empty/loading/error state design consistency,All,P0,NOT_STARTED,S,F-142,Every page state uses standardized components and copy patterns,,ui_state_catalog,State components library,,metrics.ui.state_coverage;trace.ui.states,true,true,true,true,Demo showcases state gallery,Low,Low,Frontend,R1,S3,
F-211,Performance,frontend,Web Vitals collection and budget enforcement,Internal,P1,NOT_STARTED,S,F-113,Core Web Vitals tracked and build warns/fails on budget regressions,,web_vitals_events,Perf insights panel,web vitals rollup worker,metrics.web.vitals.*;alerts.web_vitals,true,true,true,true,Demo tracked separately by sandbox tag,Low,Low,Frontend+Ops,R2,S6,
F-212,Performance,frontend,Image optimization pipeline and placeholders,All,P1,NOT_STARTED,S,F-113,Images are optimized with responsive sizes and LQIP placeholders,,image_assets,Image component standards,image optimization worker,metrics.image.bytes;trace.ui.image,true,true,true,true,Demo uses bundled optimized assets,Low,Low,Frontend+Ops,R2,S6,
F-213,Performance,backend,API response caching for read-heavy endpoints,All,P1,NOT_STARTED,M,F-148,Safe cache strategy with invalidation events for read-heavy resources,GET /v1/jobs|/v1/candidates,cache_invalidation_events,,cache invalidation worker,metrics.cache.hit_ratio;trace.cache.invalidation,true,true,true,true,Demo caches with short TTL,Low,Low,Backend,R2,S7,
F-214,Performance,backend,N+1 query detection and regression alarms,Internal,P1,NOT_STARTED,S,F-143,Query profiler flags N+1 patterns with CI/ops alerts,,query_profile_events,Ops query profiler UI,query analyzer worker,metrics.db.nplus1;alerts.db.query,true,true,false,false,,Low,Medium,Backend+Ops,R3,S9,
F-215,Performance,backend,Cold-start and startup health optimization,Internal,P2,NOT_STARTED,S,F-099,Service startup path optimized with readiness gating and dependency checks,,startup_health_events,Ops startup dashboard,startup probe worker,metrics.startup.time;trace.startup,true,true,false,false,,Low,Low,Backend+Ops,R4,S11,
F-216,Developer Experience,platform,Local dev one-command bootstrap,Internal,P1,NOT_STARTED,S,F-040,Developers can run full stack locally with one command and seeded data,internal scripts,dev_env_state,Dev onboarding page,seed bootstrap worker,metrics.dev.bootstrap_time,true,true,false,false,,Low,Low,Platform,R2,S5,
F-217,Developer Experience,platform,Contract test suite between FE SDK and API,Internal,P1,NOT_STARTED,M,F-140,SDK contract tests catch drift before merge,internal CI contract endpoint,contract_test_runs,Contract test report,,metrics.contract.fail;trace.contract.test,true,true,false,false,,Low,Medium,Platform,R2,S6,
F-218,Developer Experience,platform,Story-driven component catalog,Internal,P2,NOT_STARTED,M,F-206,Component catalog documents states/interactions/accessibility checks,internal component catalog,component_catalog_entries,Component catalog UI,,metrics.ui.catalog.coverage,true,true,false,false,,Low,Low,Frontend,R3,S9,
F-219,Developer Experience,platform,Code ownership and review routing rules,Internal,P1,NOT_STARTED,S,F-040,Paths map to owners and required reviewers with CI enforcement,internal /ops/codeowners,codeowner_rules,PR ownership dashboard,review router worker,metrics.review.routing;trace.review,true,true,false,false,,Low,Low,Platform,R2,S6,
F-220,Developer Experience,platform,Release notes automation from feature IDs,Internal,P2,NOT_STARTED,S,F-001,Release notes generated automatically from merged feature IDs and statuses,internal /ops/releases,release_notes,Release notes UI,release notes generator,metrics.release.note_coverage;trace.release.notes,true,true,false,false,,Low,Low,Platform,R3,S9,
F-221,Demo Platform,demo,Interactive "Employer Day in the Life" scenario,Visitor,P2,NOT_STARTED,M,F-101,Guided scenario walks employer through search->chat->schedule->interview->decision,GET /v1/demo/scenarios/employer,demo_scenario_runs,Scenario flow UI,scenario state worker,metrics.demo.scenario_complete;trace.demo.scenario,true,true,true,true,Core portfolio demo path,Low,Low,Frontend+Backend,R3,S8,
F-222,Demo Platform,demo,Interactive "Candidate Day in the Life" scenario,Visitor,P2,NOT_STARTED,M,F-101,Guided scenario walks candidate through profile->apply->chat->meeting->status,GET /v1/demo/scenarios/candidate,demo_scenario_runs,Scenario flow UI,scenario state worker,metrics.demo.scenario_complete;trace.demo.scenario,true,true,true,true,Core portfolio demo path,Low,Low,Frontend+Backend,R3,S8,
F-223,Demo Platform,demo,Interactive "Agency Ops" scenario,Visitor,P2,NOT_STARTED,M,F-101,Guided scenario for multi-client agency workflows and SLA dashboard,GET /v1/demo/scenarios/agency,demo_scenario_runs,Scenario flow UI,scenario state worker,metrics.demo.scenario_complete;trace.demo.scenario,true,true,true,true,Agency showcase path,Low,Low,Frontend+Backend,R4,S11,
F-224,Demo Platform,demo,Demo CTA handoff to signup with context carryover,Visitor,P1,NOT_STARTED,S,F-190,User can convert from demo to signup with preserved selected role/context,POST /v1/demo/convert,demo_conversion_events,Signup CTA surfaces,,metrics.demo.to_signup;trace.demo.convert,true,true,true,true,No personal data leaked across tenants,Medium,Low,Frontend+Backend,R2,S6,
F-225,Demo Platform,demo,Demo session TTL and automatic cleanup,Internal,P0,NOT_STARTED,S,F-036,Demo sessions expire and purge transient writes deterministically,,demo_sessions;demo_resets,,demo cleanup worker,metrics.demo.cleanup;trace.demo.ttl,true,true,true,true,Mandatory sandbox hygiene,Low,Low,Backend,R1,S3,
F-226,Command Center,shortcuts,Universal quick actions (new message/meeting/job),All,P1,NOT_STARTED,S,F-108,Command palette supports creation shortcuts with permission checks,POST /v1/commands/execute,command_execution_events,Quick action palette,,trace.commands.quick_action;metrics.commands.create,true,true,true,true,Demo actions map to sandbox entities,Low,Low,Frontend+Backend,R2,S7,
F-227,Command Center,shortcuts,Recent actions and pinned commands,All,P2,NOT_STARTED,S,F-226,Users can pin frequent commands and view recent command history,GET/PATCH /v1/commands/preferences,command_pins;command_history,Command preferences UI,,metrics.commands.pin_rate;trace.commands.history,true,true,true,true,Demo history in-session only,Low,Low,Frontend+Backend,R3,S9,
F-228,Command Center,shortcuts,Role-aware command suggestions,All,P2,NOT_STARTED,M,F-108,Suggestions adapt to role page context and recent usage patterns,GET /v1/commands/suggestions,command_suggestion_events,Suggested commands UI,suggestion model worker,metrics.commands.suggestion_ctr;trace.commands.suggest,true,true,true,true,Demo uses rule-based suggestions,Low,Low,Backend+Frontend,R4,S11,
F-229,Reporting,analytics,CSV export for key dashboards,Employer|Agency,P2,NOT_STARTED,S,F-046,Users can export selected dashboard datasets with scope controls,POST /v1/reports/export,csv_exports,Export controls UI,csv export worker,trace.reports.csv;metrics.reports.export,true,true,true,true,Demo exports synthetic data only,Low,Medium,Backend+Frontend,R3,S10,
F-230,Reporting,analytics,Scheduled report delivery (in-app/email),Employer|Agency,P3,NOT_STARTED,M,F-229,Users can schedule recurring reports with delivery settings,POST /v1/reports/schedules,report_schedules,Report schedules UI,report schedule worker,metrics.reports.scheduled;trace.reports.schedule,true,true,true,false,Demo in-app only delivery,Low,Low,Backend+Frontend,R5,S14,
F-231,Enterprise,compliance,SSO/SAML readiness scaffolding,Enterprise,P3,NOT_STARTED,L,F-003,Architecture supports enterprise SSO integration boundaries and mapping,POST /v1/enterprise/sso/config,sso_configs,SSO settings UI,sso sync worker,trace.enterprise.sso;security.sso,true,true,true,false,,High,High,Backend+Frontend,R5,S15,
F-232,Enterprise,security,SCIM provisioning readiness scaffolding,Enterprise,P3,NOT_STARTED,L,F-231,SCIM-compatible user/group provisioning boundaries and audit hooks,POST /v1/enterprise/scim/config,scim_configs;audit_events,Provisioning settings UI,scim sync worker,trace.enterprise.scim;audit.enterprise,true,true,false,false,,High,High,Backend,R5,S15,
F-233,Enterprise,compliance,Advanced audit filters and saved views,Enterprise,P2,NOT_STARTED,S,F-031,Audit console supports filters by actor/action/resource/date and saved views,GET /v1/audit/events,audit_saved_views,Audit filters UI,,trace.audit.query;metrics.audit.query_p95,true,true,true,false,Demo audit data limited and synthetic,Low,High,Backend+Frontend,R4,S12,
F-234,Enterprise,privacy,Role-based data masking in UI,Enterprise,P2,NOT_STARTED,M,F-004,Sensitive fields are masked/unmasked by role and purpose policy,,masking_policies,Masked field components,,trace.privacy.masking;security.masking,true,true,true,false,,Medium,High,Backend+Frontend,R4,S12,
F-235,Globalization,localization,Internationalization framework scaffolding,All,P2,NOT_STARTED,M,F-208,UI text/content supports i18n keys and locale bundles,,i18n_bundles,Locale switch scaffolding,locale sync worker,metrics.i18n.coverage;trace.i18n,true,true,true,true,Demo includes en baseline + placeholder locale,Low,Low,Frontend,R4,S11,
F-236,Globalization,localization,Localized timezone workweek rules,All,P3,NOT_STARTED,M,F-112,Scheduling rules support locale-specific weekends/workweeks,GET /v1/localization/workweek,workweek_rules,Regional scheduling hints UI,,trace.localization.workweek,true,true,true,false,Demo uses two region presets,Low,Low,Backend+Frontend,R5,S14,
F-237,Reliability,reliability,Canary release controls and rollback triggers,Internal,P1,NOT_STARTED,M,F-147,Canary deploy supports traffic ramp and automatic rollback on SLO breach,internal /ops/canary,canary_release_runs,Ops canary panel,canary controller worker,metrics.canary.rollback;trace.release.canary,true,true,false,false,,Medium,Medium,Ops+Platform,R3,S10,
F-238,Reliability,reliability,Chaos test scenarios for critical workflows,Internal,P2,NOT_STARTED,M,F-203,Chaos tests validate resilience for chat/scheduling/billing under failures,internal /ops/chaos,chaos_test_runs,Chaos test dashboard,chaos runner worker,metrics.chaos.pass_rate;trace.chaos,true,true,false,false,,Medium,Medium,Ops+QA,R4,S12,
F-239,Reliability,reliability,Recovery verification for idempotent operations,Internal,P1,NOT_STARTED,S,F-030,Recovery scripts verify idempotent replay safety after outages,internal /ops/recovery-check,recovery_check_runs,Recovery verification UI,recovery verifier worker,metrics.recovery.idempotency;trace.recovery,true,true,false,false,,Medium,High,Backend+Ops,R3,S10,
F-240,Launch Readiness,program,Production launch checklist and go-live gates,Internal,P0,NOT_STARTED,M,F-040|F-099|F-237,Go-live blocked unless security/perf/reliability/compliance gates are green,internal /ops/go-live,launch_gate_runs,Launch readiness dashboard,go-live validator worker,metrics.launch.gates;trace.launch,true,true,true,false,,High,High,Program+Ops,R5,S15,Master launch control feature
